{
  "cv_f1_mean": 0.5025809871127362,
  "cv_f1_std": 0.014060379585994032,
  "folds": 5
}