{
  "cv_f1_mean": 0.5555350493095904,
  "cv_f1_std": 0.020116206563276957,
  "folds": 5
}