{
  "cv_f1_mean": 0.5959748263774631,
  "cv_f1_std": 0.022387689838954665,
  "folds": 5
}