{
  "cv_f1_mean": 0.5493812075183029,
  "cv_f1_std": 0.025603299035304672,
  "folds": 5
}